{"albatross": {"IsA,bird": "yes", "IsA,seabird": "yes", "IsA,animal": "yes", "IsA,eukaryotic_organism": "yes", "IsA,pelagic_bird": "yes", "IsA,albatross": "yes", "MadeOf,cells molecules and atoms": "yes", "IsA,living creature": "yes", "IsA,organism": "yes", "CapableOf,eating": "yes", "CapableOf,live": "yes", "HasPart,face": "yes", "IsA,living organism": "yes", "HasProperty,alive": "yes", "CapableOf,move itself about": "yes", "HasPart,head": "yes", "CapableOf,fight for life": "yes", "CapableOf,note food": "yes", "IsA,bacterium": "no", "IsA,virus": "no", "IsA,fungus": "no", "IsA,plant": "no", "IsA,vertebrate": "yes", "HasPart,beak": "yes", "IsA,terrestrial organism": "yes", "IsA,air breathing vertebrate": "yes", "HasPart,wing": "yes", "HasA,wings": "yes", "HasA,two legs": "yes", "IsA,biped": "yes", "IsA,warm blooded animal": "yes", "HasPart,bird's foot": "yes", "HasA,two wings": "yes", "HasA,feathers": "yes", "IsA,feathered animal": "yes", "CapableOf,spread wings": "yes", "HasPart,feather": "yes", "CapableOf,injur it's wing if falls": "yes", "HasPart,talon": "yes", "CapableOf,fly": "yes", "CapableOf,chirp": "yes", "IsA,oviparous animal": "yes", "HasProperty,rising early": "yes", "CapableOf,sing to mate": "yes", "HasPart,air sac": "yes", "CapableOf,travel across world": "yes", "CapableOf,grow to larger size": "yes", "CapableOf,sing to other birds": "yes", "IsA,fish": "no", "IsA,reptile": "no", "IsA,mammal": "no", "IsA,living thing": "yes", "IsA,invertebrate": "no", "HasPart,cell": "yes", "MadeOf,cells": "yes", "HasPart,body part": "yes", "IsA,mineral": "no", "IsA,artifact": "no", "IsA,sound": "no", "IsA,religion": "no", "IsA,science": "no", "IsA,government": "no", "IsA,art": "no", "IsA,company": "no", "IsA,hair": "no", "IsA,action": "no", "IsA,sport": "no", "IsA,disease": "no", "IsA,fire": "no", "IsA,liquid": "no", "IsA,molecule": "no", "IsA,location": "no", "CapableOf,die no more than once": "yes", "IsA,tree": "no", "IsA,food": "no", "IsA,computer": "no", "IsA,car": "no", "IsA,protein": "no", "IsA,machine": "no", "IsA,school": "no", "IsA,dog": "no", "IsA,shop": "no", "IsA,country": "no", "IsA,plastic": "no", "IsA,planet": "no", "IsA,ocean": "no", "IsA,body of water": "no", "IsA,restaurant": "no", "IsA,insect": "no", "IsA,lizard": "no", "IsA,bicycle": "no", "IsA,bridge": "no", "IsA,house": "no", "IsA,publication": "no", "IsA,president": "no", "IsA,leader": "no", "IsA,turtle": "no", "IsA,europe": "no", "IsA,river": "no", "IsA,vehicle": "no", "IsA,deer": "no", "IsA,road": "no", "IsA,sugar": "no", "IsA,cat": "no", "IsA,politician": "no", "IsA,grass": "no", "IsA,town": "no", "IsA,africa": "no", "IsA,doctor": "no", "IsA,fruit": "no", "IsA,horse": "no", "IsA,asia": "no", "IsA,forest": "no", "IsA,wheel": "no", "IsA,ant": "no", "IsA,continent": "no", "IsA,airplane": "no", "IsA,clothes": "no", "IsA,wine": "no", "IsA,meal": "no", "IsA,city": "no", "IsA,flower": "no", "IsA,cake": "no", "IsA,cheese": "no", "IsA,kitchen": "no", "IsA,lake": "no", "IsA,soup": "no", "IsA,metal": "no", "IsA,movie": "no", "IsA,building": "no", "IsA,snake": "no", "IsA,wasp": "no", "IsA,door": "no", "IsA,salad": "no", "IsA,soda": "no", "IsA,vegetable": "no", "IsA,human being": "no", "IsA,room": "no", "IsA,bathroom": "no", "IsA,boat": "no", "IsA,jewelry": "no", "IsA,candy": "no", "IsA,kitchen utensil": "no", "IsA,carbohydrate": "no", "IsA,toy": "no", "IsA,drug": "no", "IsA,student": "no", "IsA,acid": "no", "IsA,expert": "no", "IsA,structure": "no", "IsA,water": "no", "IsA,palm tree": "no", "IsA,crustacean": "no", "IsA,jellyfish": "no", "IsA,rodent": "no", "IsA,herb": "no"}, "computer": {"IsA,electronic_appliance": "yes", "IsA,electronic_device": "yes", "IsA,electronic_tool": "yes", "IsA,fancy_caculator": "yes", "IsA,form_of_recording_device": "yes", "IsA,high_speed_electronic_machine": "yes", "IsA,machine": "yes", "IsA,multimedia_device": "yes", "IsA,office_equipment": "yes", "IsA,one_type_of_machine": "yes", "IsA,useful": "yes", "IsA,computer": "yes", "HasPart,computer circuit": "yes", "CapableOf,power down": "yes", "HasProperty,more complex than pencil": "yes", "IsA,electronic device": "yes", "IsA,computer hardware": "yes", "HasPart,cpu": "yes", "IsA,computational system": "yes", "CapableOf,list numbers": "yes", "IsA,one type of machine": "yes", "CapableOf,increase number": "yes", "HasA,one or many processors": "yes", "CapableOf,sort information": "yes", "HasPart,central processing unit": "yes", "HasPart,hardware": "yes", "IsA,computing thing": "yes", "CapableOf,count symbols": "yes", "HasPart,motherboard": "yes", "HasPart,memory": "yes", "HasPart,processor": "yes", "CapableOf,count sentences": "yes", "CapableOf,sort list of words": "yes", "HasPart,memory chip": "yes", "CapableOf,process information": "yes", "CapableOf,arithmetic": "yes", "CapableOf,run programs": "yes", "IsA,electronic appliance": "yes", "IsA,electronic tool": "yes", "CapableOf,crash": "yes", "CapableOf,receive data": "yes", "CapableOf,list files in directory": "yes", "CapableOf,count": "yes", "CapableOf,calculate": "yes", "CapableOf,save files on disk": "yes", "HasPart,ram": "yes", "CapableOf,answer easy arithmetic questions": "yes", "MadeOf,hardware": "yes", "IsA,high speed electronic machine": "yes", "CapableOf,adding numbers": "yes", "HasPart,disk cache": "yes", "CapableOf,start computing": "yes", "IsA,complex tool": "yes", "HasA,monitor": "yes", "HasPart,chip": "yes", "CapableOf,mine data": "yes", "HasPart,display": "yes", "HasPart,moniter": "yes", "HasA,software": "yes", "CapableOf,mail electronic messasge": "yes", "CapableOf,surf internet": "yes", "IsA,tool": "yes", "HasProperty,expensive": "yes", "MadeOf,silicon": "yes", "HasA,keyboard": "yes", "HasA,central processor": "yes", "MadeOf,microchips": "yes", "HasPart,disk drive": "yes", "HasPart,computer accessory": "yes", "CapableOf,control model": "yes", "HasA,mouse": "yes", "CapableOf,cast shadow": "yes", "IsA,vehicle": "no", "IsA,man made object": "yes", "HasProperty,mechanical": "yes", "IsA,man man device": "yes", "IsA,mechanical device": "yes", "CapableOf,fail working": "yes", "IsA,apparatus": "yes", "CapableOf,do task": "yes", "IsA,artifact": "yes", "IsA,publication": "no", "IsA,structure": "no", "IsA,wheel": "no", "IsA,clothes": "no", "IsA,movie": "no", "IsA,jewelry": "no", "IsA,toy": "no", "IsA,kitchen utensil": "no", "IsA,drug": "no", "CapableOf,require electricity": "yes", "IsA,sound": "no", "IsA,religion": "no", "IsA,science": "no", "IsA,government": "no", "IsA,art": "no", "IsA,company": "no", "IsA,hair": "no", "IsA,action": "no", "IsA,sport": "no", "IsA,disease": "no", "IsA,fire": "no", "IsA,food": "no", "IsA,liquid": "no", "IsA,organism": "no", "IsA,molecule": "no", "IsA,location": "no", "IsA,mineral": "no", "IsA,tree": "no", "IsA,car": "no", "IsA,protein": "no", "IsA,school": "no", "IsA,dog": "no", "IsA,shop": "no", "IsA,country": "no", "IsA,plastic": "no", "IsA,fish": "no", "IsA,planet": "no", "IsA,ocean": "no", "IsA,body of water": "no", "IsA,restaurant": "no", "IsA,insect": "no", "IsA,lizard": "no", "IsA,animal": "no", "IsA,bicycle": "no", "IsA,bridge": "no", "IsA,house": "no", "IsA,president": "no", "IsA,leader": "no", "IsA,turtle": "no", "IsA,europe": "no", "IsA,vertebrate": "no", "IsA,river": "no", "IsA,bird": "no", "IsA,deer": "no", "IsA,road": "no", "IsA,sugar": "no", "IsA,cat": "no", "IsA,mammal": "no", "IsA,politician": "no", "IsA,grass": "no", "IsA,plant": "no", "IsA,town": "no", "IsA,africa": "no", "IsA,doctor": "no", "IsA,fruit": "no", "IsA,horse": "no", "IsA,asia": "no", "IsA,forest": "no", "IsA,ant": "no", "IsA,continent": "no", "IsA,airplane": "no", "IsA,wine": "no", "IsA,meal": "no", "IsA,city": "no", "IsA,flower": "no", "IsA,cake": "no", "IsA,cheese": "no", "IsA,kitchen": "no", "IsA,fungus": "no", "IsA,lake": "no", "IsA,soup": "no", "IsA,metal": "no", "IsA,building": "no", "IsA,snake": "no", "IsA,wasp": "no", "IsA,door": "no", "IsA,salad": "no", "IsA,soda": "no", "IsA,vegetable": "no", "IsA,human being": "no", "IsA,room": "no", "IsA,bathroom": "no", "IsA,boat": "no", "IsA,candy": "no", "IsA,carbohydrate": "no", "IsA,virus": "no", "IsA,student": "no", "IsA,acid": "no", "IsA,expert": "no", "IsA,water": "no", "IsA,reptile": "no", "IsA,bacterium": "no", "IsA,palm tree": "no", "IsA,crustacean": "no", "IsA,jellyfish": "no", "IsA,invertebrate": "no", "IsA,rodent": "no", "IsA,herb": "no"}, "ant": {"IsA,insect": "yes", "IsA,one_type_of_insect": "yes", "IsA,small_insect": "yes", "IsA,smaller_than_cat": "yes", "IsA,hymenoptera": "yes", "IsA,vermin": "yes", "IsA,ant": "yes", "HasPart,clypeus": "yes", "HasPart,air sac": "yes", "IsA,arthropod": "yes", "HasPart,abdomen": "yes", "IsA,living creature": "yes", "IsA,creature": "yes", "HasA,6 legs": "yes", "HasPart,wing": "yes", "IsA,animal": "yes", "IsA,invertebrate": "yes", "IsA,crustacean": "no", "IsA,jellyfish": "no", "IsA,hymenopterous insect": "yes", "IsA,one type of insect": "yes", "CapableOf,build colony": "yes", "CapableOf,lift several times own weight": "yes", "IsA,small insect": "yes", "IsA,smaller than cat": "yes", "IsA,wasp": "no", "MadeOf,cells molecules and atoms": "yes", "IsA,organism": "yes", "CapableOf,eating": "yes", "CapableOf,live": "yes", "HasPart,face": "yes", "IsA,living organism": "yes", "HasProperty,alive": "yes", "CapableOf,move itself about": "yes", "HasPart,head": "yes", "CapableOf,fight for life": "yes", "CapableOf,note food": "yes", "IsA,bacterium": "no", "IsA,virus": "no", "IsA,fungus": "no", "IsA,plant": "no", "CapableOf,die no more than once": "yes", "IsA,wild animal": "yes", "IsA,cold blooded animal": "yes", "IsA,vertebrate": "no", "IsA,living thing": "yes", "HasPart,cell": "yes", "MadeOf,cells": "yes", "HasPart,body part": "yes", "IsA,mineral": "no", "IsA,artifact": "no", "IsA,sound": "no", "IsA,religion": "no", "IsA,science": "no", "IsA,government": "no", "IsA,art": "no", "IsA,company": "no", "IsA,hair": "no", "IsA,action": "no", "IsA,sport": "no", "IsA,disease": "no", "IsA,fire": "no", "IsA,liquid": "no", "IsA,molecule": "no", "IsA,location": "no", "IsA,tree": "no", "IsA,food": "no", "IsA,computer": "no", "IsA,car": "no", "IsA,protein": "no", "IsA,machine": "no", "IsA,school": "no", "IsA,dog": "no", "IsA,shop": "no", "IsA,country": "no", "IsA,plastic": "no", "IsA,fish": "no", "IsA,planet": "no", "IsA,ocean": "no", "IsA,body of water": "no", "IsA,restaurant": "no", "IsA,lizard": "no", "IsA,bicycle": "no", "IsA,bridge": "no", "IsA,house": "no", "IsA,publication": "no", "IsA,president": "no", "IsA,leader": "no", "IsA,turtle": "no", "IsA,europe": "no", "IsA,river": "no", "IsA,bird": "no", "IsA,vehicle": "no", "IsA,deer": "no", "IsA,road": "no", "IsA,sugar": "no", "IsA,cat": "no", "IsA,mammal": "no", "IsA,politician": "no", "IsA,grass": "no", "IsA,town": "no", "IsA,africa": "no", "IsA,doctor": "no", "IsA,fruit": "no", "IsA,horse": "no", "IsA,asia": "no", "IsA,forest": "no", "IsA,wheel": "no", "IsA,continent": "no", "IsA,airplane": "no", "IsA,clothes": "no", "IsA,wine": "no", "IsA,meal": "no", "IsA,city": "no", "IsA,flower": "no", "IsA,cake": "no", "IsA,cheese": "no", "IsA,kitchen": "no", "IsA,lake": "no", "IsA,soup": "no", "IsA,metal": "no", "IsA,movie": "no", "IsA,building": "no", "IsA,snake": "no", "IsA,door": "no", "IsA,salad": "no", "IsA,soda": "no", "IsA,vegetable": "no", "IsA,human being": "no", "IsA,room": "no", "IsA,bathroom": "no", "IsA,boat": "no", "IsA,jewelry": "no", "IsA,candy": "no", "IsA,kitchen utensil": "no", "IsA,carbohydrate": "no", "IsA,toy": "no", "IsA,drug": "no", "IsA,student": "no", "IsA,acid": "no", "IsA,expert": "no", "IsA,structure": "no", "IsA,water": "no", "IsA,reptile": "no", "IsA,palm tree": "no", "IsA,rodent": "no", "IsA,herb": "no"}, "adder": {"IsA,viper": "yes", "IsA,snake": "yes", "IsA,reptile": "yes", "IsA,cat": "no", "IsA,adder": "yes", "IsA,squamata": "yes", "IsA,vertebrate": "yes", "IsA,one type of animal": "yes", "IsA,diapsid": "yes", "HasA,no legs": "yes", "HasA,scales": "yes", "CapableOf,sun itself": "yes", "IsA,squamate": "yes", "CapableOf,surprise person": "yes", "CapableOf,slither down street": "yes", "CapableOf,eat egg": "yes", "IsA,turtle": "no", "IsA,lizard": "no", "IsA,mammal": "no", "IsA,fish": "no", "IsA,bird": "no", "IsA,animal": "yes", "IsA,invertebrate": "no", "MadeOf,cells molecules and atoms": "yes", "IsA,living creature": "yes", "IsA,organism": "yes", "CapableOf,eating": "yes", "CapableOf,live": "yes", "HasPart,face": "yes", "IsA,living organism": "yes", "HasProperty,alive": "yes", "CapableOf,move itself about": "yes", "HasPart,head": "yes", "CapableOf,fight for life": "yes", "CapableOf,note food": "yes", "IsA,bacterium": "no", "IsA,virus": "no", "IsA,fungus": "no", "IsA,plant": "no", "IsA,living thing": "yes", "HasPart,cell": "yes", "MadeOf,cells": "yes", "HasPart,body part": "yes", "IsA,mineral": "no", "IsA,artifact": "no", "IsA,sound": "no", "IsA,religion": "no", "IsA,science": "no", "IsA,government": "no", "IsA,art": "no", "IsA,company": "no", "IsA,hair": "no", "IsA,action": "no", "IsA,sport": "no", "IsA,disease": "no", "IsA,fire": "no", "IsA,liquid": "no", "IsA,molecule": "no", "IsA,location": "no", "CapableOf,die no more than once": "yes", "IsA,tree": "no", "IsA,food": "no", "IsA,computer": "no", "IsA,car": "no", "IsA,protein": "no", "IsA,machine": "no", "IsA,school": "no", "IsA,dog": "no", "IsA,shop": "no", "IsA,country": "no", "IsA,plastic": "no", "IsA,planet": "no", "IsA,ocean": "no", "IsA,body of water": "no", "IsA,restaurant": "no", "IsA,insect": "no", "IsA,bicycle": "no", "IsA,bridge": "no", "IsA,house": "no", "IsA,publication": "no", "IsA,president": "no", "IsA,leader": "no", "IsA,europe": "no", "IsA,river": "no", "IsA,vehicle": "no", "IsA,deer": "no", "IsA,road": "no", "IsA,sugar": "no", "IsA,politician": "no", "IsA,grass": "no", "IsA,town": "no", "IsA,africa": "no", "IsA,doctor": "no", "IsA,fruit": "no", "IsA,horse": "no", "IsA,asia": "no", "IsA,forest": "no", "IsA,wheel": "no", "IsA,ant": "no", "IsA,continent": "no", "IsA,airplane": "no", "IsA,clothes": "no", "IsA,wine": "no", "IsA,meal": "no", "IsA,city": "no", "IsA,flower": "no", "IsA,cake": "no", "IsA,cheese": "no", "IsA,kitchen": "no", "IsA,lake": "no", "IsA,soup": "no", "IsA,metal": "no", "IsA,movie": "no", "IsA,building": "no", "IsA,wasp": "no", "IsA,door": "no", "IsA,salad": "no", "IsA,soda": "no", "IsA,vegetable": "no", "IsA,human being": "no", "IsA,room": "no", "IsA,bathroom": "no", "IsA,boat": "no", "IsA,jewelry": "no", "IsA,candy": "no", "IsA,kitchen utensil": "no", "IsA,carbohydrate": "no", "IsA,toy": "no", "IsA,drug": "no", "IsA,student": "no", "IsA,acid": "no", "IsA,expert": "no", "IsA,structure": "no", "IsA,water": "no", "IsA,palm tree": "no", "IsA,crustacean": "no", "IsA,jellyfish": "no", "IsA,rodent": "no", "IsA,herb": "no"}, "ape": {"IsA,primate": "yes", "IsA,animal": "yes", "IsA,mammal": "yes", "IsA,ape": "yes", "MadeOf,cells molecules and atoms": "yes", "IsA,living creature": "yes", "IsA,organism": "yes", "CapableOf,eating": "yes", "CapableOf,live": "yes", "HasPart,face": "yes", "IsA,living organism": "yes", "HasProperty,alive": "yes", "CapableOf,move itself about": "yes", "HasPart,head": "yes", "CapableOf,fight for life": "yes", "CapableOf,note food": "yes", "IsA,bacterium": "no", "IsA,virus": "no", "IsA,fungus": "no", "IsA,plant": "no", "IsA,vertebrate": "yes", "IsA,warm blooded animal": "yes", "CapableOf,drink liquids": "yes", "HasPart,hair": "yes", "IsA,air breathing vertebrate": "yes", "CapableOf,mate": "yes", "IsA,amniote": "yes", "IsA,candy": "no", "IsA,cheese": "no", "IsA,salad": "no", "IsA,sugar": "no", "IsA,cake": "no", "IsA,fruit": "no", "IsA,meal": "no", "IsA,soup": "no", "IsA,vegetable": "no", "IsA,fish": "no", "IsA,bird": "no", "IsA,reptile": "no", "IsA,herb": "no", "IsA,living thing": "yes", "IsA,invertebrate": "no", "HasPart,cell": "yes", "MadeOf,cells": "yes", "HasPart,body part": "yes", "IsA,mineral": "no", "IsA,artifact": "no", "IsA,sound": "no", "IsA,religion": "no", "IsA,science": "no", "IsA,government": "no", "IsA,art": "no", "IsA,company": "no", "IsA,hair": "no", "IsA,action": "no", "IsA,sport": "no", "IsA,disease": "no", "IsA,fire": "no", "IsA,liquid": "no", "IsA,molecule": "no", "IsA,location": "no", "CapableOf,die no more than once": "yes", "IsA,tree": "no", "IsA,food": "no", "IsA,computer": "no", "IsA,car": "no", "IsA,protein": "no", "IsA,machine": "no", "IsA,school": "no", "IsA,dog": "no", "IsA,shop": "no", "IsA,country": "no", "IsA,plastic": "no", "IsA,planet": "no", "IsA,ocean": "no", "IsA,body of water": "no", "IsA,restaurant": "no", "IsA,insect": "no", "IsA,lizard": "no", "IsA,bicycle": "no", "IsA,bridge": "no", "IsA,house": "no", "IsA,publication": "no", "IsA,president": "no", "IsA,leader": "no", "IsA,turtle": "no", "IsA,europe": "no", "IsA,river": "no", "IsA,vehicle": "no", "IsA,deer": "no", "IsA,road": "no", "IsA,cat": "no", "IsA,politician": "no", "IsA,grass": "no", "IsA,town": "no", "IsA,africa": "no", "IsA,doctor": "no", "IsA,horse": "no", "IsA,asia": "no", "IsA,forest": "no", "IsA,wheel": "no", "IsA,ant": "no", "IsA,continent": "no", "IsA,airplane": "no", "IsA,clothes": "no", "IsA,wine": "no", "IsA,city": "no", "IsA,flower": "no", "IsA,kitchen": "no", "IsA,lake": "no", "IsA,metal": "no", "IsA,movie": "no", "IsA,building": "no", "IsA,snake": "no", "IsA,wasp": "no", "IsA,door": "no", "IsA,soda": "no", "IsA,human being": "no", "IsA,room": "no", "IsA,bathroom": "no", "IsA,boat": "no", "IsA,jewelry": "no", "IsA,kitchen utensil": "no", "IsA,carbohydrate": "no", "IsA,toy": "no", "IsA,drug": "no", "IsA,student": "no", "IsA,acid": "no", "IsA,expert": "no", "IsA,structure": "no", "IsA,water": "no", "IsA,palm tree": "no", "IsA,crustacean": "no", "IsA,jellyfish": "no", "IsA,rodent": "no"}, "cypress": {"IsA,plant": "yes", "IsA,tree": "yes", "IsA,cypress": "yes", "IsA,living thing": "yes", "CapableOf,grow": "yes", "CapableOf,cast shadow": "yes", "CapableOf,die from pollution": "yes", "HasPart,trunk": "yes", "IsA,woody plant": "yes", "CapableOf,further grow": "yes", "CapableOf,grow leaves": "yes", "CapableOf,branch into leaves": "yes", "CapableOf,drop leaves": "yes", "HasA,roots branches leaves and trunk": "yes", "HasA,roots": "yes", "HasA,leaves in summer": "yes", "CapableOf,branch in several directions": "yes", "CapableOf,rain pollen": "yes", "CapableOf,grow new branches": "yes", "CapableOf,branch out": "yes", "IsA,tall plant": "yes", "HasPart,bark": "yes", "MadeOf,wood": "yes", "HasA,leaves on branches": "yes", "HasA,bark around outside of": "yes", "CapableOf,grow branch": "yes", "CapableOf,shade us in summer": "yes", "CapableOf,move in wind": "yes", "CapableOf,branch off and get bigger": "yes", "HasPart,leaf": "yes", "CapableOf,shade from sun": "yes", "HasProperty,alive": "yes", "CapableOf,bud": "yes", "HasPart,limb": "yes", "CapableOf,flower annually": "yes", "CapableOf,offer shade": "yes", "HasA,leaves": "yes", "IsA,wood": "yes", "CapableOf,provide shelter": "yes", "HasPart,crown": "yes", "IsA,tracheophyte": "yes", "CapableOf,rain leaves": "yes", "HasPart,burl": "yes", "MadeOf,leaves": "yes", "HasPart,stump": "yes", "IsA,grass": "no", "IsA,flower": "no", "IsA,herb": "no", "IsA,organism": "yes", "CapableOf,have roots": "yes", "HasPart,root": "yes", "HasPart,stem": "yes", "HasProperty,growing taller": "yes", "CapableOf,suffering dehydration": "yes", "CapableOf,grow in garden": "yes", "IsA,animal": "no", "IsA,fungus": "no", "IsA,virus": "no", "IsA,bacterium": "no", "HasPart,cell": "yes", "MadeOf,cells": "yes", "HasPart,body part": "yes", "IsA,mineral": "no", "IsA,artifact": "no", "IsA,sound": "no", "IsA,religion": "no", "IsA,science": "no", "IsA,government": "no", "IsA,art": "no", "IsA,company": "no", "IsA,hair": "no", "IsA,action": "no", "IsA,sport": "no", "IsA,disease": "no", "IsA,fire": "no", "IsA,liquid": "no", "IsA,molecule": "no", "IsA,location": "no", "IsA,food": "no", "IsA,computer": "no", "IsA,car": "no", "IsA,protein": "no", "IsA,machine": "no", "IsA,school": "no", "IsA,dog": "no", "IsA,shop": "no", "IsA,country": "no", "IsA,plastic": "no", "IsA,fish": "no", "IsA,planet": "no", "IsA,ocean": "no", "IsA,body of water": "no", "IsA,restaurant": "no", "IsA,insect": "no", "IsA,lizard": "no", "IsA,bicycle": "no", "IsA,bridge": "no", "IsA,house": "no", "IsA,publication": "no", "IsA,president": "no", "IsA,leader": "no", "IsA,turtle": "no", "IsA,europe": "no", "IsA,vertebrate": "no", "IsA,river": "no", "IsA,bird": "no", "IsA,vehicle": "no", "IsA,deer": "no", "IsA,road": "no", "IsA,sugar": "no", "IsA,cat": "no", "IsA,mammal": "no", "IsA,politician": "no", "IsA,town": "no", "IsA,africa": "no", "IsA,doctor": "no", "IsA,fruit": "no", "IsA,horse": "no", "IsA,asia": "no", "IsA,forest": "no", "IsA,wheel": "no", "IsA,ant": "no", "IsA,continent": "no", "IsA,airplane": "no", "IsA,clothes": "no", "IsA,wine": "no", "IsA,meal": "no", "IsA,city": "no", "IsA,cake": "no", "IsA,cheese": "no", "IsA,kitchen": "no", "IsA,lake": "no", "IsA,soup": "no", "IsA,metal": "no", "IsA,movie": "no", "IsA,building": "no", "IsA,snake": "no", "IsA,wasp": "no", "IsA,door": "no", "IsA,salad": "no", "IsA,soda": "no", "IsA,vegetable": "no", "IsA,human being": "no", "IsA,room": "no", "IsA,bathroom": "no", "IsA,boat": "no", "IsA,jewelry": "no", "IsA,candy": "no", "IsA,kitchen utensil": "no", "IsA,carbohydrate": "no", "IsA,toy": "no", "IsA,drug": "no", "IsA,student": "no", "IsA,acid": "no", "IsA,expert": "no", "IsA,structure": "no", "IsA,water": "no", "IsA,reptile": "no", "IsA,palm tree": "no", "IsA,crustacean": "no", "IsA,jellyfish": "no", "IsA,invertebrate": "no", "IsA,rodent": "no"}, "daffodil": {"IsA,plant": "yes", "IsA,flower": "yes", "IsA,tree": "no", "IsA,daffodil": "yes", "IsA,living thing": "yes", "CapableOf,grow": "yes", "IsA,organism": "yes", "CapableOf,have roots": "yes", "HasPart,root": "yes", "HasProperty,alive": "yes", "HasPart,stem": "yes", "HasProperty,growing taller": "yes", "CapableOf,suffering dehydration": "yes", "CapableOf,grow in garden": "yes", "HasPart,leaf": "yes", "IsA,animal": "no", "IsA,fungus": "no", "IsA,virus": "no", "IsA,bacterium": "no", "CapableOf,cast shadow": "yes", "HasPart,perianth": "yes", "HasPart,ovary": "yes", "HasPart,stamen": "yes", "IsA,part of plant": "yes", "IsA,angiosperm": "yes", "IsA,flowering plant": "yes", "HasPart,floral leaf": "yes", "CapableOf,holding bee": "yes", "CapableOf,spread petals": "yes", "CapableOf,drop petals": "yes", "CapableOf,blossom": "yes", "HasPart,carpel": "yes", "CapableOf,open": "yes", "HasPart,pistil": "yes", "CapableOf,grow from bulb": "yes", "CapableOf,give nectar to hummingbirds": "yes", "CapableOf,delight person": "yes", "IsA,vegetable": "no", "IsA,fruit": "no", "IsA,grass": "no", "IsA,herb": "no", "HasPart,cell": "yes", "MadeOf,cells": "yes", "HasPart,body part": "yes", "IsA,mineral": "no", "IsA,artifact": "no", "IsA,sound": "no", "IsA,religion": "no", "IsA,science": "no", "IsA,government": "no", "IsA,art": "no", "IsA,company": "no", "IsA,hair": "no", "IsA,action": "no", "IsA,sport": "no", "IsA,disease": "no", "IsA,fire": "no", "IsA,liquid": "no", "IsA,molecule": "no", "IsA,location": "no", "IsA,food": "no", "IsA,computer": "no", "IsA,car": "no", "IsA,protein": "no", "IsA,machine": "no", "IsA,school": "no", "IsA,dog": "no", "IsA,shop": "no", "IsA,country": "no", "IsA,plastic": "no", "IsA,fish": "no", "IsA,planet": "no", "IsA,ocean": "no", "IsA,body of water": "no", "IsA,restaurant": "no", "IsA,insect": "no", "IsA,lizard": "no", "IsA,bicycle": "no", "IsA,bridge": "no", "IsA,house": "no", "IsA,publication": "no", "IsA,president": "no", "IsA,leader": "no", "IsA,turtle": "no", "IsA,europe": "no", "IsA,vertebrate": "no", "IsA,river": "no", "IsA,bird": "no", "IsA,vehicle": "no", "IsA,deer": "no", "IsA,road": "no", "IsA,sugar": "no", "IsA,cat": "no", "IsA,mammal": "no", "IsA,politician": "no", "IsA,town": "no", "IsA,africa": "no", "IsA,doctor": "no", "IsA,horse": "no", "IsA,asia": "no", "IsA,forest": "no", "IsA,wheel": "no", "IsA,ant": "no", "IsA,continent": "no", "IsA,airplane": "no", "IsA,clothes": "no", "IsA,wine": "no", "IsA,meal": "no", "IsA,city": "no", "IsA,cake": "no", "IsA,cheese": "no", "IsA,kitchen": "no", "IsA,lake": "no", "IsA,soup": "no", "IsA,metal": "no", "IsA,movie": "no", "IsA,building": "no", "IsA,snake": "no", "IsA,wasp": "no", "IsA,door": "no", "IsA,salad": "no", "IsA,soda": "no", "IsA,human being": "no", "IsA,room": "no", "IsA,bathroom": "no", "IsA,boat": "no", "IsA,jewelry": "no", "IsA,candy": "no", "IsA,kitchen utensil": "no", "IsA,carbohydrate": "no", "IsA,toy": "no", "IsA,drug": "no", "IsA,student": "no", "IsA,acid": "no", "IsA,expert": "no", "IsA,structure": "no", "IsA,water": "no", "IsA,reptile": "no", "IsA,palm tree": "no", "IsA,crustacean": "no", "IsA,jellyfish": "no", "IsA,invertebrate": "no", "IsA,rodent": "no"}}